UserId,CustomerName,ContactNumber,City,Location,Region,ServiceType,InquiredPlanOffer,InstalledPlanOffer,InternetBW,TVPlan,LeadSource,AgentName,PlanType,LeadStatus,UrgencyLevel,RejectionRemark,NotFeasibleArea,InquiryType,BookingDate,InstallationDate,DeviceRequested,DeviceSold,ClearTVplus,AreaRank
1,Norma Fisher,9879739341,Chitwan,Boudha,Western,Internet+TV,80mbps 12months,80mbps 12months,80mbps Mbps,ClearTV Basic,Walk-in,Bishal,Postpaid,Rejected,Urgent,Expensive,No,Inquiry,2025-03-15,-,Dual Band Router,-,Yes,-
2,Katelyn Hull,9851629580,Bhaktapur,Newroad,Western,Internet+TV,80mbps 12months,80mbps 12months,80mbps Mbps,ClearTV Basic,Phone Call,Aayush,Postpaid,Installed,Low,Expensive,No,Inquiry,2025-05-09,2025-05-09,ClearTV Set Top,Dual Band,Yes,-
3,John Silva,9814503631,Kathmandu,Imadol,Eastern,Internet,80mbps 12months,80mbps 12months,80mbps Mbps,-,Facebook,Manish,Postpaid,Pending,Normal,Not Interested,No,Inquiry,2025-05-17,-,Dual Band Router,-,No,-
4,Charles Taylor,9854399006,Lalitpur,Balkot,Western,Internet+TV,80mbps 12months,80mbps 12months,80mbps Mbps,-,Website,Aayush,Postpaid,Pending,Low,-,No,Installation,2025-02-27,-,-,Beacon 1,Yes,Weak Area
5,Danielle Browning,9896459542,Kathmandu,Maitidevi,Central,TV Only,150mbps 6months,150mbps 6months,150mbps Mbps,ClearTV Premium,Facebook,Aayush,Postpaid,Installed,Urgent,-,No,Inquiry,2025-04-27,2025-04-27,Beacon Router,Beacon 1,Yes,Top Area
6,Stephanie Collins,9896574647,Lalitpur,Baneshwor,Inside Valley,Internet+TV,80mbps 12months,80mbps 12months,80mbps Mbps,ClearTV Premium,Walk-in,Aayush,Postpaid,Rejected,Normal,-,No,Installation,2025-04-29,-,Dual Band Router,Beacon 1,No,Top Area
7,Samuel Rivera,9824869950,Lalitpur,Maitidevi,Inside Valley,Internet+TV,650mbps 3months,650mbps 3months,650mbps Mbps,-,Phone Call,Manish,Prepaid,Pending,Normal,Not Feasible Area,Yes,Booking,2025-04-13,-,ClearTV Set Top,Beacon 1,No,Weak Area
8,Jeffrey Carr,9811544507,Butwal,Pulchowk,P2 Region,Internet,300mbps 12months,150mbps 6months,150mbps Mbps,-,Website,Aayush,Postpaid,Rejected,Normal,Not Interested,No,Inquiry,2025-05-17,-,Dual Band Router,Dual Band,Yes,Top Area
9,Juan Ramos,9877855905,Chitwan,Baneshwor,P2 Region,Internet+TV,80mbps 12months,80mbps 12months,80mbps Mbps,ClearTV Premium,Walk-in,Bishal,Postpaid,Installed,Low,-,No,Inquiry,2025-04-09,2025-04-09,ClearTV Set Top,ClearTV 1,Yes,Top Area
10,Robert Dunn,9831237993,Kathmandu,Balkot,Inside Valley,TV Only,300mbps 12months,300mbps 12months,300mbps Mbps,ClearTV Premium,Phone Call,Aayush,Postpaid,Rejected,Normal,-,No,Inquiry,2025-02-19,-,Dual Band Router,ClearTV 1,No,Weak Area
11,Ryan Page,9810379264,Kathmandu,Maitidevi,P2 Region,TV Only,650mbps 3months,650mbps 3months,650mbps Mbps,ClearTV Premium,Walk-in,Rina,Prepaid,Installed,Normal,Not Feasible Area,Yes,Booking,2025-05-05,2025-05-05,Beacon Router,-,Yes,-
12,April Snyder,9857629828,Kathmandu,Pulchowk,Inside Valley,Internet+TV,300mbps 12months,300mbps 12months,300mbps Mbps,ClearTV Premium,Website,Rina,Postpaid,Pending,Normal,Not Interested,No,Installation,2025-05-13,-,-,-,Yes,Weak Area
13,Nicholas Padilla,9836619553,Bhaktapur,Boudha,P2 Region,TV Only,150mbps 6months,650mbps 3months,650mbps Mbps,ClearTV Basic,Facebook,Rina,Prepaid,Pending,Low,Not Interested,No,Installation,2025-02-24,-,-,Dual Band,No,Weak Area
14,Keith Allen,9850393770,Chitwan,Baneshwor,Eastern,TV Only,150mbps 6months,150mbps 6months,150mbps Mbps,-,Walk-in,Kriti,Postpaid,Installed,Low,Expensive,No,Installation,2025-03-03,2025-03-03,-,-,Yes,Top Area
15,Jo Miller,9852883856,Biratnagar,Newroad,P2 Region,TV Only,80mbps 12months,80mbps 12months,80mbps Mbps,ClearTV Premium,Website,Rina,Prepaid,Pending,Low,-,No,Booking,2025-03-21,-,ClearTV Set Top,Beacon 1,No,-
16,Yolanda Burns,9873210889,Lalitpur,Baneshwor,Eastern,TV Only,80mbps 12months,80mbps 12months,80mbps Mbps,-,Phone Call,Bishal,Postpaid,Rejected,Low,Not Feasible Area,Yes,Installation,2025-03-19,-,ClearTV Set Top,Dual Band,No,Weak Area
17,Michelle Kelley,9848577037,Butwal,Imadol,Inside Valley,TV Only,650mbps 3months,650mbps 3months,650mbps Mbps,ClearTV Premium,Facebook,Bishal,Prepaid,Installed,Urgent,Expensive,No,Inquiry,2025-05-08,2025-05-08,Dual Band Router,-,Yes,Top Area
18,Christina Lloyd,9832606461,Bhaktapur,Newroad,Western,Internet+TV,300mbps 12months,650mbps 3months,650mbps Mbps,ClearTV Basic,Website,Manish,Postpaid,Pending,Normal,Expensive,No,Booking,2025-04-12,-,ClearTV Set Top,ClearTV 1,No,Weak Area
19,Jill Carlson,9878093098,Bhaktapur,Balkot,Inside Valley,TV Only,150mbps 6months,150mbps 6months,150mbps Mbps,ClearTV Premium,Facebook,Kriti,Prepaid,Installed,Urgent,-,No,Installation,2025-03-27,2025-03-27,Beacon Router,Dual Band,Yes,Top Area
20,David White,9879005426,Lalitpur,Balkot,Inside Valley,TV Only,300mbps 12months,300mbps 12months,300mbps Mbps,ClearTV Premium,Website,Aayush,Postpaid,Installed,Urgent,Expensive,No,Installation,2025-05-08,2025-05-08,Beacon Router,Dual Band,Yes,Weak Area
21,Lonnie Douglas,9859362784,Pokhara,Boudha,Central,TV Only,300mbps 12months,300mbps 12months,300mbps Mbps,ClearTV Basic,Facebook,Aayush,Postpaid,Rejected,Normal,Not Interested,No,Inquiry,2025-04-05,-,-,ClearTV 1,No,Weak Area
22,Michael Anderson,9837851932,Kathmandu,Pulchowk,P2 Region,Internet+TV,80mbps 12months,80mbps 12months,80mbps Mbps,ClearTV Premium,Website,Rina,Postpaid,Rejected,Urgent,Not Interested,No,Inquiry,2025-03-04,-,Dual Band Router,Dual Band,Yes,Top Area
23,Sarah Villanueva,9858343795,Biratnagar,Newroad,P2 Region,Internet,650mbps 3months,650mbps 3months,650mbps Mbps,-,Walk-in,Aayush,Prepaid,Rejected,Low,Not Interested,No,Booking,2025-05-18,-,ClearTV Set Top,Dual Band,Yes,-
24,Melinda Massey,9822092563,Chitwan,Newroad,Inside Valley,Internet+TV,300mbps 12months,300mbps 12months,300mbps Mbps,ClearTV Basic,Phone Call,Manish,Postpaid,Rejected,Low,Not Feasible Area,Yes,Inquiry,2025-04-09,-,ClearTV Set Top,ClearTV 1,Yes,Weak Area
25,Robert Atkinson,9881401206,Kathmandu,Balkot,P2 Region,Internet,300mbps 12months,300mbps 12months,300mbps Mbps,ClearTV Basic,Walk-in,Kriti,Prepaid,Pending,Normal,Not Feasible Area,Yes,Installation,2025-05-15,-,Beacon Router,Dual Band,No,Top Area
26,Samantha Barnes,9833482456,Lalitpur,Pulchowk,Western,TV Only,300mbps 12months,300mbps 12months,300mbps Mbps,ClearTV Premium,Walk-in,Kriti,Postpaid,Installed,Urgent,Not Feasible Area,Yes,Booking,2025-03-16,2025-03-16,Beacon Router,Beacon 1,No,Top Area
27,Matthew Davies,9873977243,Butwal,Balkot,Inside Valley,Internet,80mbps 12months,80mbps 12months,80mbps Mbps,-,Facebook,Rina,Prepaid,Installed,Normal,Expensive,No,Inquiry,2025-05-18,2025-05-18,ClearTV Set Top,Dual Band,No,Weak Area
28,Mrs. Erika Wilson,9824301686,Butwal,Imadol,Western,Internet+TV,150mbps 6months,150mbps 6months,150mbps Mbps,ClearTV Basic,Phone Call,Aayush,Postpaid,Installed,Low,-,No,Installation,2025-04-15,2025-04-15,-,ClearTV 1,Yes,Top Area
29,Sarah Sanchez,9862597281,Biratnagar,Pulchowk,Western,TV Only,80mbps 12months,650mbps 3months,650mbps Mbps,ClearTV Premium,Website,Aayush,Postpaid,Installed,Urgent,-,No,Booking,2025-04-30,2025-04-30,-,Dual Band,Yes,Weak Area
30,Michael Watson,9880603541,Butwal,Newroad,Central,Internet,650mbps 3months,650mbps 3months,650mbps Mbps,ClearTV Basic,Phone Call,Aayush,Prepaid,Pending,Low,Not Interested,No,Booking,2025-03-06,-,Beacon Router,Beacon 1,Yes,-
31,Robert Garcia,9862774586,Kathmandu,Pulchowk,Central,TV Only,300mbps 12months,300mbps 12months,300mbps Mbps,ClearTV Premium,Walk-in,Kriti,Prepaid,Installed,Normal,Expensive,No,Booking,2025-03-04,2025-03-04,ClearTV Set Top,Dual Band,Yes,-
32,Colleen Montoya,9830762945,Chitwan,Maitidevi,Western,TV Only,650mbps 3months,80mbps 12months,80mbps Mbps,ClearTV Basic,Walk-in,Aayush,Postpaid,Rejected,Low,-,No,Inquiry,2025-04-20,-,Beacon Router,-,Yes,Weak Area
33,Kimberly Becker,9881474151,Chitwan,Maitidevi,Central,Internet+TV,650mbps 3months,650mbps 3months,650mbps Mbps,-,Website,Rina,Prepaid,Pending,Urgent,Not Interested,No,Booking,2025-02-20,-,ClearTV Set Top,-,No,-
34,Colin Greer,9831144491,Lalitpur,Pulchowk,P2 Region,Internet+TV,650mbps 3months,300mbps 12months,300mbps Mbps,ClearTV Premium,Walk-in,Aayush,Postpaid,Installed,Normal,Expensive,No,Inquiry,2025-03-01,2025-03-01,ClearTV Set Top,ClearTV 1,Yes,Top Area
35,Jacob Hooper,9889327086,Biratnagar,Baneshwor,P2 Region,Internet,650mbps 3months,80mbps 12months,80mbps Mbps,ClearTV Premium,Walk-in,Bishal,Prepaid,Pending,Low,-,No,Installation,2025-02-21,-,-,Dual Band,Yes,Weak Area
36,Chloe Arellano,9884475437,Butwal,Maitidevi,Inside Valley,TV Only,150mbps 6months,150mbps 6months,150mbps Mbps,-,Facebook,Kriti,Prepaid,Rejected,Normal,Expensive,No,Booking,2025-04-28,-,Dual Band Router,-,No,Top Area
37,Daniel Owen,9851989366,Biratnagar,Boudha,Central,Internet,650mbps 3months,650mbps 3months,650mbps Mbps,ClearTV Premium,Walk-in,Manish,Postpaid,Rejected,Low,Not Interested,No,Booking,2025-05-19,-,ClearTV Set Top,-,No,Weak Area
38,Kimberly Oliver,9820165339,Bhaktapur,Imadol,Western,Internet,650mbps 3months,650mbps 3months,650mbps Mbps,ClearTV Basic,Phone Call,Aayush,Prepaid,Installed,Urgent,Not Feasible Area,Yes,Installation,2025-05-10,2025-05-10,Dual Band Router,ClearTV 1,No,Weak Area
39,Daniel Lucas,9864174166,Biratnagar,Imadol,Inside Valley,Internet+TV,80mbps 12months,150mbps 6months,150mbps Mbps,ClearTV Premium,Facebook,Rina,Prepaid,Rejected,Low,Expensive,No,Booking,2025-03-24,-,Beacon Router,Beacon 1,Yes,-
40,Antonio Mcdonald,9894307264,Lalitpur,Baneshwor,Eastern,Internet+TV,300mbps 12months,80mbps 12months,80mbps Mbps,ClearTV Premium,Facebook,Aayush,Prepaid,Pending,Urgent,Not Feasible Area,Yes,Inquiry,2025-04-16,-,-,-,Yes,Top Area
41,William Gonzalez,9874626615,Lalitpur,Imadol,Inside Valley,Internet,650mbps 3months,650mbps 3months,650mbps Mbps,-,Website,Bishal,Postpaid,Rejected,Normal,-,No,Inquiry,2025-03-24,-,ClearTV Set Top,ClearTV 1,No,Top Area
42,Julie Barrera,9833718801,Biratnagar,Pulchowk,Western,Internet+TV,80mbps 12months,80mbps 12months,80mbps Mbps,ClearTV Basic,Website,Rina,Postpaid,Pending,Normal,-,No,Booking,2025-04-14,-,Dual Band Router,Beacon 1,No,-
43,Michael Levy,9827515001,Biratnagar,Pulchowk,Central,Internet+TV,80mbps 12months,80mbps 12months,80mbps Mbps,ClearTV Premium,Phone Call,Manish,Postpaid,Pending,Low,Not Interested,No,Inquiry,2025-02-23,-,Beacon Router,-,Yes,Weak Area
44,Brooke Martin,9883643731,Lalitpur,Imadol,Inside Valley,TV Only,300mbps 12months,300mbps 12months,300mbps Mbps,ClearTV Basic,Facebook,Manish,Prepaid,Rejected,Normal,Not Interested,No,Installation,2025-04-10,-,ClearTV Set Top,Dual Band,No,Weak Area
45,Kyle Ramos,9825342276,Butwal,Maitidevi,Western,TV Only,300mbps 12months,300mbps 12months,300mbps Mbps,ClearTV Premium,Walk-in,Kriti,Prepaid,Pending,Normal,Expensive,No,Booking,2025-03-06,-,ClearTV Set Top,-,No,Top Area
46,Michael Mccullough,9848931091,Pokhara,Baneshwor,P2 Region,Internet+TV,300mbps 12months,300mbps 12months,300mbps Mbps,ClearTV Basic,Facebook,Bishal,Prepaid,Installed,Urgent,-,No,Installation,2025-05-13,2025-05-13,ClearTV Set Top,-,Yes,Weak Area
47,Emily Howard,9883808090,Pokhara,Balkot,Inside Valley,Internet+TV,80mbps 12months,80mbps 12months,80mbps Mbps,-,Phone Call,Bishal,Prepaid,Installed,Urgent,Not Feasible Area,Yes,Booking,2025-05-10,2025-05-10,-,-,Yes,-
48,Brittany Vazquez,9843596183,Chitwan,Imadol,Central,TV Only,300mbps 12months,300mbps 12months,300mbps Mbps,ClearTV Premium,Facebook,Kriti,Postpaid,Pending,Normal,Not Interested,No,Installation,2025-04-03,-,Beacon Router,Dual Band,Yes,-
49,Gabriella Williams,9811596786,Biratnagar,Boudha,Inside Valley,TV Only,80mbps 12months,80mbps 12months,80mbps Mbps,ClearTV Premium,Walk-in,Kriti,Prepaid,Rejected,Normal,Expensive,No,Inquiry,2025-03-17,-,ClearTV Set Top,Beacon 1,Yes,-
50,Philip Olson,9834293305,Biratnagar,Maitidevi,Eastern,TV Only,300mbps 12months,300mbps 12months,300mbps Mbps,ClearTV Basic,Facebook,Aayush,Postpaid,Pending,Low,-,No,Installation,2025-04-18,-,Beacon Router,-,Yes,Top Area
51,Ian Arroyo,9863715244,Chitwan,Pulchowk,Inside Valley,TV Only,80mbps 12months,80mbps 12months,80mbps Mbps,ClearTV Basic,Phone Call,Kriti,Postpaid,Installed,Normal,-,No,Inquiry,2025-04-20,2025-04-20,Beacon Router,Dual Band,Yes,-
52,Brandi Collins,9814852426,Chitwan,Baneshwor,Eastern,Internet+TV,300mbps 12months,300mbps 12months,300mbps Mbps,ClearTV Basic,Website,Rina,Prepaid,Pending,Urgent,Not Feasible Area,Yes,Booking,2025-05-01,-,-,Dual Band,Yes,Weak Area
53,Matthew Smith,9844009879,Kathmandu,Maitidevi,Central,TV Only,80mbps 12months,80mbps 12months,80mbps Mbps,-,Walk-in,Kriti,Postpaid,Pending,Urgent,Expensive,No,Installation,2025-03-08,-,-,Dual Band,No,Weak Area
54,Caitlin Walker,9882538320,Lalitpur,Boudha,Western,Internet+TV,300mbps 12months,300mbps 12months,300mbps Mbps,-,Walk-in,Kriti,Prepaid,Pending,Urgent,Expensive,No,Inquiry,2025-04-02,-,ClearTV Set Top,Beacon 1,Yes,-
55,Shawn Carroll,9841374536,Lalitpur,Baneshwor,Inside Valley,Internet,80mbps 12months,80mbps 12months,80mbps Mbps,ClearTV Basic,Phone Call,Rina,Postpaid,Rejected,Urgent,Not Interested,No,Booking,2025-03-30,-,Dual Band Router,-,No,Top Area
56,Shane Bradley,9897805021,Biratnagar,Baneshwor,P2 Region,Internet+TV,650mbps 3months,650mbps 3months,650mbps Mbps,ClearTV Basic,Walk-in,Bishal,Prepaid,Pending,Urgent,Expensive,No,Installation,2025-05-03,-,Beacon Router,Beacon 1,Yes,Weak Area
57,Amber Griffin,9893530898,Lalitpur,Maitidevi,Eastern,TV Only,150mbps 6months,80mbps 12months,80mbps Mbps,ClearTV Basic,Walk-in,Bishal,Postpaid,Installed,Urgent,Not Feasible Area,Yes,Installation,2025-03-15,2025-03-15,Beacon Router,Beacon 1,Yes,-
58,Jill Dyer,9831398900,Bhaktapur,Boudha,Central,Internet+TV,650mbps 3months,80mbps 12months,80mbps Mbps,ClearTV Basic,Phone Call,Manish,Prepaid,Pending,Normal,Not Interested,No,Booking,2025-05-17,-,ClearTV Set Top,Dual Band,Yes,-
59,Nicole Henson,9835282134,Biratnagar,Imadol,Inside Valley,Internet+TV,300mbps 12months,300mbps 12months,300mbps Mbps,-,Website,Bishal,Postpaid,Pending,Low,Not Feasible Area,Yes,Booking,2025-04-07,-,Dual Band Router,-,Yes,Top Area
60,Ryan Williams,9849996328,Bhaktapur,Maitidevi,P2 Region,Internet,650mbps 3months,650mbps 3months,650mbps Mbps,-,Walk-in,Manish,Postpaid,Installed,Normal,Not Feasible Area,Yes,Booking,2025-05-08,2025-05-08,ClearTV Set Top,ClearTV 1,No,-
61,Robin Lopez,9896387787,Biratnagar,Maitidevi,Western,Internet,80mbps 12months,80mbps 12months,80mbps Mbps,-,Website,Aayush,Prepaid,Pending,Urgent,-,No,Inquiry,2025-04-20,-,ClearTV Set Top,ClearTV 1,No,Top Area
62,Sara Anderson,9890728718,Lalitpur,Pulchowk,P2 Region,TV Only,650mbps 3months,650mbps 3months,650mbps Mbps,ClearTV Premium,Walk-in,Aayush,Postpaid,Rejected,Normal,Not Feasible Area,Yes,Inquiry,2025-02-19,-,Beacon Router,Dual Band,Yes,Top Area
63,Michael Stewart,9815270343,Biratnagar,Baneshwor,P2 Region,Internet+TV,80mbps 12months,80mbps 12months,80mbps Mbps,-,Walk-in,Rina,Postpaid,Pending,Low,Not Feasible Area,Yes,Booking,2025-03-10,-,-,ClearTV 1,Yes,Weak Area
64,Paul Baird,9877644596,Kathmandu,Newroad,Eastern,TV Only,150mbps 6months,150mbps 6months,150mbps Mbps,-,Walk-in,Manish,Postpaid,Rejected,Urgent,Not Feasible Area,Yes,Installation,2025-04-24,-,Beacon Router,Beacon 1,No,Weak Area
65,Anne Wilson,9867043789,Bhaktapur,Balkot,Western,Internet+TV,80mbps 12months,80mbps 12months,80mbps Mbps,ClearTV Premium,Website,Aayush,Prepaid,Installed,Urgent,Not Interested,No,Booking,2025-04-22,2025-04-22,Dual Band Router,ClearTV 1,No,Top Area
66,Eric Barker,9845835353,Kathmandu,Pulchowk,Western,TV Only,80mbps 12months,80mbps 12months,80mbps Mbps,ClearTV Premium,Website,Rina,Postpaid,Installed,Low,Not Interested,No,Booking,2025-03-07,2025-03-07,-,-,No,Weak Area
67,Scott Sanders,9855057611,Lalitpur,Baneshwor,Western,TV Only,650mbps 3months,650mbps 3months,650mbps Mbps,ClearTV Basic,Phone Call,Rina,Postpaid,Rejected,Urgent,-,No,Installation,2025-02-25,-,ClearTV Set Top,-,No,Top Area
68,Thomas Marsh,9836141806,Lalitpur,Imadol,Western,TV Only,300mbps 12months,300mbps 12months,300mbps Mbps,ClearTV Basic,Website,Manish,Postpaid,Pending,Urgent,Not Interested,No,Booking,2025-03-01,-,-,ClearTV 1,Yes,Weak Area
69,Brandi Meyer,9853903733,Bhaktapur,Pulchowk,Eastern,Internet,650mbps 3months,650mbps 3months,650mbps Mbps,-,Phone Call,Rina,Prepaid,Pending,Normal,-,No,Booking,2025-04-22,-,Beacon Router,ClearTV 1,Yes,Top Area
70,Ashley Moore,9893710284,Kathmandu,Imadol,Inside Valley,TV Only,650mbps 3months,650mbps 3months,650mbps Mbps,ClearTV Basic,Website,Manish,Postpaid,Pending,Urgent,Not Feasible Area,Yes,Inquiry,2025-05-11,-,-,ClearTV 1,No,Weak Area
71,Andrew Becker,9840129714,Biratnagar,Pulchowk,P2 Region,Internet+TV,150mbps 6months,650mbps 3months,650mbps Mbps,-,Website,Aayush,Prepaid,Rejected,Low,-,No,Inquiry,2025-04-13,-,Beacon Router,Dual Band,No,-
72,Jacob Bradley,9857977631,Kathmandu,Maitidevi,P2 Region,Internet+TV,300mbps 12months,300mbps 12months,300mbps Mbps,-,Walk-in,Rina,Prepaid,Pending,Low,Not Feasible Area,Yes,Installation,2025-05-11,-,Dual Band Router,ClearTV 1,No,Weak Area
73,Paul Miles,9877750905,Kathmandu,Maitidevi,P2 Region,Internet+TV,80mbps 12months,80mbps 12months,80mbps Mbps,ClearTV Premium,Website,Kriti,Prepaid,Rejected,Normal,Not Interested,No,Inquiry,2025-04-22,-,ClearTV Set Top,ClearTV 1,No,-
74,Mathew Ellis MD,9829757995,Pokhara,Pulchowk,Central,TV Only,150mbps 6months,150mbps 6months,150mbps Mbps,ClearTV Premium,Facebook,Aayush,Postpaid,Installed,Normal,Not Feasible Area,Yes,Installation,2025-05-13,2025-05-13,Beacon Router,Beacon 1,No,-
75,Christine Matthews,9891468745,Biratnagar,Balkot,Central,TV Only,150mbps 6months,150mbps 6months,150mbps Mbps,-,Website,Kriti,Prepaid,Pending,Urgent,Expensive,No,Installation,2025-02-18,-,Dual Band Router,-,No,-
76,Devon Morgan,9852066318,Chitwan,Pulchowk,Eastern,Internet,150mbps 6months,300mbps 12months,300mbps Mbps,-,Facebook,Bishal,Prepaid,Installed,Normal,Not Interested,No,Installation,2025-03-25,2025-03-25,ClearTV Set Top,-,No,Top Area
77,Gina Oliver,9810864323,Bhaktapur,Imadol,Eastern,TV Only,300mbps 12months,300mbps 12months,300mbps Mbps,-,Phone Call,Kriti,Postpaid,Installed,Normal,Expensive,No,Booking,2025-02-22,2025-02-22,-,-,Yes,Top Area
78,Chase Silva,9832076191,Pokhara,Maitidevi,P2 Region,TV Only,650mbps 3months,650mbps 3months,650mbps Mbps,ClearTV Premium,Walk-in,Kriti,Postpaid,Installed,Urgent,Expensive,No,Booking,2025-03-25,2025-03-25,ClearTV Set Top,ClearTV 1,Yes,Weak Area
79,Joshua Carter,9896534901,Pokhara,Pulchowk,Inside Valley,TV Only,150mbps 6months,150mbps 6months,150mbps Mbps,-,Facebook,Rina,Postpaid,Pending,Normal,Not Feasible Area,Yes,Booking,2025-04-05,-,-,Dual Band,No,Top Area
80,Taylor Parker,9848897144,Biratnagar,Maitidevi,Inside Valley,Internet+TV,80mbps 12months,80mbps 12months,80mbps Mbps,ClearTV Basic,Facebook,Bishal,Postpaid,Rejected,Normal,Not Interested,No,Inquiry,2025-05-12,-,Dual Band Router,ClearTV 1,No,-
81,Andrea Powell,9848911652,Butwal,Baneshwor,Inside Valley,Internet,150mbps 6months,150mbps 6months,150mbps Mbps,ClearTV Premium,Phone Call,Rina,Postpaid,Rejected,Urgent,-,No,Installation,2025-03-21,-,ClearTV Set Top,-,Yes,Top Area
82,Brian Hoffman,9873040251,Butwal,Pulchowk,Eastern,TV Only,650mbps 3months,80mbps 12months,80mbps Mbps,-,Website,Manish,Postpaid,Pending,Low,Expensive,No,Installation,2025-04-05,-,Dual Band Router,-,No,Weak Area
83,Ryan Cherry,9868714582,Lalitpur,Boudha,P2 Region,Internet+TV,300mbps 12months,300mbps 12months,300mbps Mbps,-,Website,Manish,Prepaid,Rejected,Low,Not Feasible Area,Yes,Inquiry,2025-03-23,-,Dual Band Router,Beacon 1,No,Weak Area
84,Brian Jimenez,9887272808,Kathmandu,Balkot,Eastern,Internet,300mbps 12months,80mbps 12months,80mbps Mbps,ClearTV Basic,Phone Call,Kriti,Prepaid,Installed,Low,Not Interested,No,Booking,2025-02-21,2025-02-21,-,Beacon 1,Yes,-
85,Nicholas Kline,9860503301,Chitwan,Boudha,Central,Internet,650mbps 3months,650mbps 3months,650mbps Mbps,ClearTV Basic,Walk-in,Bishal,Prepaid,Installed,Urgent,Not Feasible Area,Yes,Installation,2025-05-18,2025-05-18,-,-,Yes,Weak Area
86,Justin Drake,9884715953,Lalitpur,Balkot,Western,Internet,80mbps 12months,80mbps 12months,80mbps Mbps,ClearTV Basic,Walk-in,Kriti,Postpaid,Installed,Low,Not Feasible Area,Yes,Inquiry,2025-04-21,2025-04-21,ClearTV Set Top,Beacon 1,No,-
87,Robert Gonzalez,9821756128,Kathmandu,Balkot,Central,TV Only,80mbps 12months,80mbps 12months,80mbps Mbps,-,Website,Rina,Prepaid,Installed,Urgent,-,No,Installation,2025-03-11,2025-03-11,Beacon Router,Beacon 1,Yes,Weak Area
88,Adam Long,9891861497,Bhaktapur,Balkot,Central,Internet+TV,300mbps 12months,300mbps 12months,300mbps Mbps,-,Walk-in,Manish,Prepaid,Installed,Urgent,-,No,Inquiry,2025-04-09,2025-04-09,Dual Band Router,-,No,Top Area
89,Thomas Kramer,9822898649,Butwal,Imadol,Eastern,Internet+TV,150mbps 6months,150mbps 6months,150mbps Mbps,-,Phone Call,Kriti,Prepaid,Installed,Low,Not Feasible Area,Yes,Installation,2025-04-28,2025-04-28,Dual Band Router,Beacon 1,Yes,Weak Area
90,Jenny Richardson,9888099024,Chitwan,Balkot,Central,TV Only,650mbps 3months,650mbps 3months,650mbps Mbps,-,Website,Bishal,Postpaid,Rejected,Low,-,No,Booking,2025-03-15,-,-,Dual Band,No,-
91,Carol Lee,9818407085,Kathmandu,Baneshwor,Western,TV Only,150mbps 6months,80mbps 12months,80mbps Mbps,ClearTV Basic,Phone Call,Aayush,Postpaid,Rejected,Low,Expensive,No,Inquiry,2025-03-01,-,-,ClearTV 1,No,Weak Area
92,Scott Miles,9893242616,Pokhara,Balkot,Eastern,Internet,300mbps 12months,300mbps 12months,300mbps Mbps,ClearTV Basic,Facebook,Kriti,Prepaid,Rejected,Normal,Not Feasible Area,Yes,Installation,2025-05-16,-,Dual Band Router,Beacon 1,Yes,-
93,Nicole Harris,9860136418,Butwal,Balkot,P2 Region,Internet+TV,650mbps 3months,650mbps 3months,650mbps Mbps,ClearTV Basic,Facebook,Manish,Postpaid,Installed,Low,Not Feasible Area,Yes,Booking,2025-04-07,2025-04-07,-,-,Yes,-
94,Daniel Williams,9883562016,Pokhara,Maitidevi,Inside Valley,Internet,300mbps 12months,650mbps 3months,650mbps Mbps,ClearTV Premium,Website,Aayush,Prepaid,Pending,Normal,Not Feasible Area,Yes,Installation,2025-05-06,-,Dual Band Router,-,No,-
95,Charles Gonzalez,9816927563,Biratnagar,Boudha,Central,Internet+TV,80mbps 12months,80mbps 12months,80mbps Mbps,ClearTV Basic,Walk-in,Bishal,Postpaid,Rejected,Normal,Expensive,No,Installation,2025-03-26,-,-,Beacon 1,Yes,Top Area
96,Ronald Garcia,9847346343,Pokhara,Baneshwor,Eastern,TV Only,150mbps 6months,300mbps 12months,300mbps Mbps,ClearTV Basic,Facebook,Kriti,Postpaid,Installed,Urgent,Expensive,No,Booking,2025-04-16,2025-04-16,Beacon Router,Dual Band,Yes,Top Area
97,Mrs. Jennifer Frazier,9843150938,Biratnagar,Pulchowk,Central,Internet,300mbps 12months,80mbps 12months,80mbps Mbps,ClearTV Basic,Facebook,Manish,Postpaid,Installed,Low,Not Interested,No,Booking,2025-05-14,2025-05-14,ClearTV Set Top,ClearTV 1,No,Weak Area
98,Meghan Barron,9884404875,Pokhara,Maitidevi,Inside Valley,TV Only,80mbps 12months,150mbps 6months,150mbps Mbps,ClearTV Basic,Facebook,Bishal,Prepaid,Pending,Low,-,No,Inquiry,2025-05-09,-,-,ClearTV 1,Yes,-
99,Mr. Michael Harris DDS,9849520666,Bhaktapur,Boudha,Western,Internet+TV,300mbps 12months,300mbps 12months,300mbps Mbps,ClearTV Basic,Phone Call,Rina,Prepaid,Rejected,Low,Not Interested,No,Installation,2025-03-11,-,-,ClearTV 1,No,Top Area
100,Michael Burgess,9866800792,Pokhara,Imadol,Central,Internet+TV,300mbps 12months,300mbps 12months,300mbps Mbps,-,Website,Rina,Postpaid,Installed,Normal,-,No,Booking,2025-03-20,2025-03-20,-,Beacon 1,No,Weak Area
101,Amanda Hernandez,9826057104,Butwal,Baneshwor,Eastern,TV Only,650mbps 3months,650mbps 3months,650mbps Mbps,-,Phone Call,Rina,Prepaid,Rejected,Low,Not Interested,No,Inquiry,2025-03-14,-,-,ClearTV 1,Yes,Weak Area
102,Brittney Gray,9874449762,Lalitpur,Imadol,P2 Region,Internet+TV,650mbps 3months,650mbps 3months,650mbps Mbps,-,Phone Call,Bishal,Postpaid,Installed,Low,Not Feasible Area,Yes,Booking,2025-03-18,2025-03-18,Beacon Router,-,No,Top Area
103,Renee Jones,9834932864,Lalitpur,Balkot,Central,Internet+TV,80mbps 12months,80mbps 12months,80mbps Mbps,ClearTV Premium,Website,Rina,Postpaid,Pending,Low,Not Feasible Area,Yes,Booking,2025-02-26,-,ClearTV Set Top,-,No,-
104,Suzanne Jones,9824253511,Lalitpur,Pulchowk,P2 Region,TV Only,80mbps 12months,80mbps 12months,80mbps Mbps,ClearTV Premium,Phone Call,Aayush,Prepaid,Rejected,Low,-,No,Booking,2025-03-02,-,-,Dual Band,Yes,-
105,Adrian Anthony,9887833041,Butwal,Maitidevi,Eastern,Internet,650mbps 3months,80mbps 12months,80mbps Mbps,ClearTV Basic,Facebook,Kriti,Postpaid,Pending,Low,Not Feasible Area,Yes,Inquiry,2025-03-22,-,Beacon Router,-,No,Top Area
106,Rebecca Melton,9855267360,Lalitpur,Boudha,Central,Internet+TV,80mbps 12months,80mbps 12months,80mbps Mbps,ClearTV Basic,Facebook,Manish,Prepaid,Rejected,Normal,Expensive,No,Installation,2025-04-03,-,ClearTV Set Top,ClearTV 1,Yes,-
107,Kathy Santana,9824074098,Biratnagar,Pulchowk,Inside Valley,Internet,80mbps 12months,80mbps 12months,80mbps Mbps,ClearTV Basic,Website,Kriti,Postpaid,Pending,Urgent,Expensive,No,Inquiry,2025-04-07,-,Beacon Router,-,No,-
108,Brandon Bauer,9862071405,Biratnagar,Baneshwor,P2 Region,Internet,650mbps 3months,650mbps 3months,650mbps Mbps,-,Facebook,Kriti,Postpaid,Rejected,Urgent,Not Interested,No,Inquiry,2025-04-09,-,Beacon Router,-,Yes,-
109,Wanda Burgess,9845762214,Bhaktapur,Newroad,Eastern,Internet+TV,300mbps 12months,650mbps 3months,650mbps Mbps,ClearTV Basic,Phone Call,Aayush,Prepaid,Pending,Urgent,Not Interested,No,Installation,2025-05-16,-,-,Dual Band,No,-
110,Donna Santana,9828289737,Bhaktapur,Baneshwor,Inside Valley,Internet,650mbps 3months,650mbps 3months,650mbps Mbps,-,Website,Bishal,Postpaid,Installed,Low,Expensive,No,Booking,2025-03-30,2025-03-30,ClearTV Set Top,Beacon 1,No,Top Area
111,Karen Gibbs,9850614928,Chitwan,Newroad,Western,Internet,650mbps 3months,150mbps 6months,150mbps Mbps,ClearTV Premium,Facebook,Bishal,Postpaid,Rejected,Low,-,No,Inquiry,2025-03-27,-,Dual Band Router,Beacon 1,No,-
112,Cynthia Hancock,9894388301,Chitwan,Imadol,Eastern,Internet+TV,300mbps 12months,300mbps 12months,300mbps Mbps,ClearTV Premium,Facebook,Aayush,Prepaid,Pending,Normal,Not Feasible Area,Yes,Booking,2025-02-19,-,Dual Band Router,Beacon 1,No,Top Area
113,April White,9868790938,Biratnagar,Pulchowk,P2 Region,Internet,650mbps 3months,650mbps 3months,650mbps Mbps,-,Facebook,Kriti,Postpaid,Installed,Low,-,No,Installation,2025-04-08,2025-04-08,Beacon Router,Dual Band,No,-
114,Faith Snyder,9825249223,Biratnagar,Maitidevi,Eastern,TV Only,80mbps 12months,150mbps 6months,150mbps Mbps,ClearTV Basic,Website,Kriti,Postpaid,Pending,Normal,-,No,Installation,2025-03-15,-,Beacon Router,Dual Band,No,Weak Area
115,Elizabeth Russell,9871594508,Chitwan,Maitidevi,Inside Valley,Internet,80mbps 12months,80mbps 12months,80mbps Mbps,ClearTV Basic,Website,Bishal,Prepaid,Rejected,Urgent,-,No,Inquiry,2025-05-07,-,Beacon Router,ClearTV 1,Yes,-
116,Christopher Walls,9897942536,Butwal,Balkot,Eastern,TV Only,150mbps 6months,300mbps 12months,300mbps Mbps,ClearTV Basic,Website,Rina,Prepaid,Installed,Low,Not Interested,No,Inquiry,2025-03-13,2025-03-13,ClearTV Set Top,Beacon 1,Yes,Top Area
117,Ronald Brown,9894372394,Kathmandu,Imadol,Central,Internet,80mbps 12months,80mbps 12months,80mbps Mbps,-,Website,Rina,Prepaid,Pending,Urgent,Expensive,No,Installation,2025-02-21,-,Beacon Router,Beacon 1,No,Weak Area
118,Mr. Steve Guzman,9878201744,Bhaktapur,Balkot,P2 Region,TV Only,650mbps 3months,650mbps 3months,650mbps Mbps,-,Facebook,Bishal,Prepaid,Installed,Normal,Not Interested,No,Booking,2025-02-25,2025-02-25,-,Beacon 1,Yes,Top Area
119,Brittany Hatfield,9866339898,Bhaktapur,Maitidevi,Eastern,Internet+TV,150mbps 6months,150mbps 6months,150mbps Mbps,-,Walk-in,Kriti,Postpaid,Installed,Normal,-,No,Inquiry,2025-03-29,2025-03-29,ClearTV Set Top,Beacon 1,No,-
120,John Ellis,9868072715,Bhaktapur,Newroad,Western,Internet,650mbps 3months,650mbps 3months,650mbps Mbps,-,Phone Call,Kriti,Postpaid,Rejected,Normal,Expensive,No,Booking,2025-02-27,-,-,ClearTV 1,No,-
121,Christian Johnson,9863799663,Chitwan,Imadol,Western,Internet+TV,300mbps 12months,300mbps 12months,300mbps Mbps,ClearTV Basic,Website,Bishal,Postpaid,Rejected,Normal,-,No,Booking,2025-04-18,-,ClearTV Set Top,ClearTV 1,No,-
122,Fred Graves,9849887047,Bhaktapur,Maitidevi,Eastern,Internet+TV,150mbps 6months,300mbps 12months,300mbps Mbps,ClearTV Premium,Website,Bishal,Prepaid,Pending,Low,Expensive,No,Installation,2025-04-22,-,Beacon Router,ClearTV 1,Yes,Top Area
123,James Frank,9897602880,Kathmandu,Boudha,Central,Internet,650mbps 3months,150mbps 6months,150mbps Mbps,-,Walk-in,Rina,Prepaid,Installed,Normal,Not Interested,No,Inquiry,2025-04-06,2025-04-06,Dual Band Router,ClearTV 1,Yes,-
124,Antonio Haynes,9830466322,Bhaktapur,Boudha,Inside Valley,Internet,150mbps 6months,150mbps 6months,150mbps Mbps,-,Phone Call,Manish,Postpaid,Pending,Urgent,Expensive,No,Installation,2025-04-18,-,Beacon Router,Dual Band,Yes,Top Area
125,Gail Martinez,9840580580,Biratnagar,Maitidevi,P2 Region,Internet,80mbps 12months,300mbps 12months,300mbps Mbps,ClearTV Basic,Phone Call,Manish,Prepaid,Rejected,Low,-,No,Installation,2025-04-25,-,-,-,No,Top Area
126,Elizabeth Sweeney,9872912693,Biratnagar,Newroad,Central,Internet,150mbps 6months,150mbps 6months,150mbps Mbps,ClearTV Premium,Phone Call,Kriti,Postpaid,Rejected,Urgent,-,No,Inquiry,2025-05-17,-,-,-,Yes,Top Area
127,Edward Reese,9872375324,Biratnagar,Maitidevi,Eastern,Internet,650mbps 3months,650mbps 3months,650mbps Mbps,ClearTV Premium,Facebook,Rina,Postpaid,Pending,Normal,Expensive,No,Inquiry,2025-04-25,-,-,-,Yes,Top Area
128,Mrs. Shannon Forbes,9883376892,Biratnagar,Baneshwor,Eastern,Internet+TV,80mbps 12months,80mbps 12months,80mbps Mbps,-,Website,Manish,Postpaid,Installed,Urgent,Not Interested,No,Booking,2025-02-21,2025-02-21,ClearTV Set Top,ClearTV 1,Yes,Weak Area
129,Jill Sherman,9894549705,Pokhara,Newroad,Western,TV Only,150mbps 6months,150mbps 6months,150mbps Mbps,ClearTV Basic,Phone Call,Kriti,Prepaid,Installed,Normal,-,No,Installation,2025-04-03,2025-04-03,-,Dual Band,Yes,Top Area
130,Mark Huber,9832520092,Pokhara,Baneshwor,Eastern,Internet,80mbps 12months,650mbps 3months,650mbps Mbps,ClearTV Premium,Walk-in,Bishal,Prepaid,Installed,Low,Not Feasible Area,Yes,Booking,2025-05-16,2025-05-16,-,Dual Band,Yes,Top Area
131,Katelyn Santana,9866536947,Biratnagar,Newroad,Inside Valley,TV Only,150mbps 6months,150mbps 6months,150mbps Mbps,ClearTV Premium,Walk-in,Manish,Prepaid,Installed,Urgent,Not Feasible Area,Yes,Booking,2025-05-20,2025-05-20,Dual Band Router,Dual Band,Yes,Top Area
132,Laura Liu,9833334089,Kathmandu,Imadol,Western,TV Only,150mbps 6months,150mbps 6months,150mbps Mbps,-,Phone Call,Rina,Prepaid,Installed,Normal,-,No,Booking,2025-03-12,2025-03-12,Beacon Router,Beacon 1,No,Top Area
133,Robert Oneal,9824472732,Biratnagar,Newroad,Western,Internet,80mbps 12months,650mbps 3months,650mbps Mbps,ClearTV Premium,Phone Call,Rina,Postpaid,Pending,Urgent,Not Interested,No,Inquiry,2025-05-04,-,ClearTV Set Top,Beacon 1,Yes,-
134,Kelly Hunter,9886458011,Kathmandu,Pulchowk,P2 Region,Internet,150mbps 6months,150mbps 6months,150mbps Mbps,-,Facebook,Bishal,Postpaid,Installed,Normal,Not Feasible Area,Yes,Booking,2025-05-20,2025-05-20,Beacon Router,Dual Band,No,Weak Area
135,Jeffery Knight,9894413770,Kathmandu,Imadol,Eastern,TV Only,80mbps 12months,80mbps 12months,80mbps Mbps,-,Facebook,Aayush,Postpaid,Rejected,Low,Expensive,No,Installation,2025-05-18,-,Beacon Router,ClearTV 1,No,Top Area
136,Brian Brown,9896874623,Pokhara,Imadol,Eastern,Internet,150mbps 6months,150mbps 6months,150mbps Mbps,ClearTV Basic,Facebook,Bishal,Postpaid,Rejected,Low,-,No,Installation,2025-03-30,-,Beacon Router,ClearTV 1,Yes,-
137,Morgan Johnson,9863023877,Pokhara,Imadol,Eastern,TV Only,300mbps 12months,300mbps 12months,300mbps Mbps,-,Website,Bishal,Prepaid,Pending,Low,Not Feasible Area,Yes,Booking,2025-04-02,-,Beacon Router,Beacon 1,No,Top Area
138,Jason Crawford,9812603175,Bhaktapur,Balkot,P2 Region,TV Only,80mbps 12months,80mbps 12months,80mbps Mbps,-,Website,Rina,Prepaid,Installed,Urgent,Not Feasible Area,Yes,Installation,2025-05-12,2025-05-12,Dual Band Router,Beacon 1,No,-
139,Miranda Miller,9865479199,Kathmandu,Imadol,Inside Valley,Internet,650mbps 3months,150mbps 6months,150mbps Mbps,ClearTV Basic,Phone Call,Manish,Postpaid,Installed,Low,-,No,Inquiry,2025-02-24,2025-02-24,Dual Band Router,Beacon 1,No,Top Area
140,Michael Reed,9847631745,Pokhara,Baneshwor,Western,TV Only,80mbps 12months,650mbps 3months,650mbps Mbps,ClearTV Basic,Website,Kriti,Prepaid,Rejected,Normal,Not Interested,No,Installation,2025-03-07,-,Beacon Router,-,No,Weak Area
141,William Fuentes,9885687045,Bhaktapur,Pulchowk,P2 Region,TV Only,150mbps 6months,150mbps 6months,150mbps Mbps,-,Website,Manish,Postpaid,Rejected,Normal,-,No,Installation,2025-02-24,-,-,Dual Band,Yes,Weak Area
142,Briana Smith,9810410684,Bhaktapur,Imadol,P2 Region,TV Only,150mbps 6months,150mbps 6months,150mbps Mbps,-,Facebook,Rina,Prepaid,Installed,Normal,Not Interested,No,Booking,2025-04-22,2025-04-22,Dual Band Router,Dual Band,No,-
143,Teresa Martinez,9828958052,Chitwan,Pulchowk,Central,Internet+TV,80mbps 12months,80mbps 12months,80mbps Mbps,ClearTV Basic,Facebook,Kriti,Prepaid,Installed,Normal,-,No,Booking,2025-02-18,2025-02-18,Dual Band Router,-,Yes,Weak Area
144,Michael Cantu,9813552869,Bhaktapur,Pulchowk,Inside Valley,Internet,300mbps 12months,300mbps 12months,300mbps Mbps,ClearTV Premium,Website,Bishal,Postpaid,Pending,Urgent,-,No,Inquiry,2025-03-12,-,-,Dual Band,Yes,Weak Area
145,Chelsea Rodriguez,9840535409,Kathmandu,Newroad,Western,Internet,80mbps 12months,80mbps 12months,80mbps Mbps,ClearTV Basic,Facebook,Aayush,Prepaid,Pending,Low,-,No,Inquiry,2025-03-23,-,ClearTV Set Top,ClearTV 1,No,-
146,Deanna Johnson,9893219072,Pokhara,Balkot,P2 Region,Internet+TV,300mbps 12months,300mbps 12months,300mbps Mbps,-,Phone Call,Bishal,Postpaid,Installed,Normal,Not Feasible Area,Yes,Inquiry,2025-03-10,2025-03-10,ClearTV Set Top,Dual Band,Yes,Top Area
147,John Carter,9820908367,Kathmandu,Balkot,Inside Valley,Internet+TV,650mbps 3months,150mbps 6months,150mbps Mbps,ClearTV Premium,Phone Call,Manish,Postpaid,Installed,Low,Expensive,No,Booking,2025-05-19,2025-05-19,ClearTV Set Top,Beacon 1,No,Weak Area
148,Kristen Murphy,9863551807,Chitwan,Maitidevi,Central,Internet,300mbps 12months,300mbps 12months,300mbps Mbps,ClearTV Premium,Phone Call,Manish,Postpaid,Rejected,Low,Expensive,No,Booking,2025-04-16,-,Dual Band Router,Dual Band,Yes,Top Area
149,Ashley Carpenter MD,9886350259,Biratnagar,Newroad,Western,Internet,150mbps 6months,150mbps 6months,150mbps Mbps,ClearTV Premium,Website,Aayush,Postpaid,Pending,Urgent,Not Interested,No,Installation,2025-05-16,-,ClearTV Set Top,ClearTV 1,No,-
150,Calvin Walker,9886534474,Kathmandu,Boudha,Eastern,Internet+TV,650mbps 3months,300mbps 12months,300mbps Mbps,-,Facebook,Rina,Postpaid,Installed,Urgent,Not Feasible Area,Yes,Installation,2025-04-08,2025-04-08,Beacon Router,-,No,Top Area
151,Paul Carter,9872679290,Kathmandu,Baneshwor,Western,Internet,80mbps 12months,80mbps 12months,80mbps Mbps,ClearTV Premium,Walk-in,Aayush,Prepaid,Pending,Urgent,Not Feasible Area,Yes,Installation,2025-03-30,-,ClearTV Set Top,Beacon 1,No,Weak Area
152,Shannon Burke,9842440773,Lalitpur,Newroad,Eastern,Internet,150mbps 6months,150mbps 6months,150mbps Mbps,ClearTV Basic,Phone Call,Rina,Prepaid,Rejected,Urgent,Expensive,No,Inquiry,2025-03-28,-,Dual Band Router,ClearTV 1,Yes,Weak Area
153,Benjamin Fisher,9870384713,Butwal,Maitidevi,Inside Valley,TV Only,150mbps 6months,150mbps 6months,150mbps Mbps,ClearTV Premium,Phone Call,Aayush,Postpaid,Pending,Normal,Expensive,No,Inquiry,2025-04-12,-,-,-,Yes,-
154,Timothy Garza,9835424434,Kathmandu,Pulchowk,Central,Internet+TV,150mbps 6months,300mbps 12months,300mbps Mbps,ClearTV Premium,Phone Call,Manish,Postpaid,Pending,Normal,Not Interested,No,Inquiry,2025-03-18,-,Dual Band Router,Beacon 1,Yes,Weak Area
155,Angela Wallace,9898648727,Biratnagar,Maitidevi,Inside Valley,Internet,650mbps 3months,650mbps 3months,650mbps Mbps,ClearTV Basic,Phone Call,Manish,Postpaid,Installed,Urgent,Not Feasible Area,Yes,Booking,2025-03-25,2025-03-25,-,-,No,Top Area
156,Kendra Bennett,9872077084,Biratnagar,Boudha,Eastern,TV Only,150mbps 6months,150mbps 6months,150mbps Mbps,ClearTV Premium,Facebook,Rina,Prepaid,Pending,Low,-,No,Installation,2025-02-18,-,ClearTV Set Top,Dual Band,Yes,-
157,Nicholas Flores,9859361728,Bhaktapur,Newroad,Western,Internet,300mbps 12months,300mbps 12months,300mbps Mbps,ClearTV Basic,Walk-in,Aayush,Prepaid,Installed,Low,Expensive,No,Booking,2025-03-09,2025-03-09,Beacon Router,Dual Band,No,Weak Area
158,Tristan Davis,9859220321,Butwal,Baneshwor,Eastern,TV Only,650mbps 3months,650mbps 3months,650mbps Mbps,ClearTV Premium,Walk-in,Bishal,Postpaid,Rejected,Urgent,Expensive,No,Inquiry,2025-03-08,-,Dual Band Router,ClearTV 1,No,Top Area
159,Destiny Grant,9855785016,Butwal,Pulchowk,Central,Internet+TV,80mbps 12months,80mbps 12months,80mbps Mbps,ClearTV Basic,Phone Call,Manish,Postpaid,Installed,Low,Expensive,No,Installation,2025-04-25,2025-04-25,Dual Band Router,Beacon 1,No,Top Area
160,Michael Hebert,9884709971,Chitwan,Balkot,Eastern,Internet,300mbps 12months,300mbps 12months,300mbps Mbps,ClearTV Basic,Facebook,Manish,Prepaid,Rejected,Low,Expensive,No,Installation,2025-03-07,-,Dual Band Router,Beacon 1,Yes,-
161,Jessica Wright,9847344463,Kathmandu,Maitidevi,Central,TV Only,300mbps 12months,300mbps 12months,300mbps Mbps,-,Facebook,Bishal,Prepaid,Installed,Urgent,-,No,Booking,2025-04-03,2025-04-03,-,-,Yes,-
162,Joseph Kelly,9850031156,Butwal,Imadol,Western,Internet+TV,650mbps 3months,650mbps 3months,650mbps Mbps,ClearTV Premium,Facebook,Bishal,Postpaid,Pending,Normal,Expensive,No,Inquiry,2025-04-20,-,Dual Band Router,Beacon 1,No,Top Area
163,Karen Harris,9856475990,Biratnagar,Balkot,Inside Valley,Internet,80mbps 12months,80mbps 12months,80mbps Mbps,ClearTV Basic,Facebook,Aayush,Prepaid,Installed,Normal,-,No,Inquiry,2025-02-18,2025-02-18,Beacon Router,Beacon 1,Yes,Weak Area
164,Joann Murray,9877915038,Bhaktapur,Boudha,Eastern,Internet+TV,300mbps 12months,300mbps 12months,300mbps Mbps,ClearTV Premium,Website,Manish,Prepaid,Rejected,Low,Expensive,No,Installation,2025-03-11,-,-,ClearTV 1,No,-
165,Randy Fuller,9830887841,Bhaktapur,Balkot,Central,Internet+TV,300mbps 12months,300mbps 12months,300mbps Mbps,-,Website,Manish,Prepaid,Installed,Normal,Not Feasible Area,Yes,Booking,2025-04-11,2025-04-11,-,Beacon 1,No,-
166,Jessica Potter,9831427414,Pokhara,Newroad,Eastern,Internet+TV,300mbps 12months,300mbps 12months,300mbps Mbps,ClearTV Basic,Phone Call,Rina,Postpaid,Installed,Low,Not Feasible Area,Yes,Inquiry,2025-02-26,2025-02-26,Dual Band Router,-,Yes,Top Area
167,Olivia Hall,9875031362,Biratnagar,Maitidevi,Western,Internet,300mbps 12months,300mbps 12months,300mbps Mbps,ClearTV Premium,Facebook,Manish,Postpaid,Rejected,Urgent,Not Feasible Area,Yes,Booking,2025-05-02,-,ClearTV Set Top,-,Yes,Top Area
168,Mark Smith,9877524000,Chitwan,Maitidevi,Eastern,Internet,80mbps 12months,650mbps 3months,650mbps Mbps,-,Walk-in,Manish,Postpaid,Installed,Urgent,Not Feasible Area,Yes,Booking,2025-03-16,2025-03-16,-,Beacon 1,No,Top Area
169,Amanda Scott,9882052328,Kathmandu,Pulchowk,Central,TV Only,650mbps 3months,650mbps 3months,650mbps Mbps,ClearTV Basic,Phone Call,Kriti,Prepaid,Installed,Urgent,Not Feasible Area,Yes,Booking,2025-04-10,2025-04-10,Dual Band Router,-,No,Top Area
170,Michelle Wallace,9836331019,Lalitpur,Imadol,P2 Region,Internet+TV,650mbps 3months,650mbps 3months,650mbps Mbps,ClearTV Basic,Phone Call,Aayush,Prepaid,Installed,Low,Not Interested,No,Inquiry,2025-05-01,2025-05-01,-,-,Yes,-
171,Drew Fischer,9813724811,Biratnagar,Maitidevi,P2 Region,Internet,300mbps 12months,150mbps 6months,150mbps Mbps,-,Walk-in,Bishal,Prepaid,Pending,Low,-,No,Booking,2025-05-17,-,Beacon Router,Dual Band,No,-
172,Bradley Jones,9874631513,Butwal,Boudha,Central,TV Only,650mbps 3months,650mbps 3months,650mbps Mbps,ClearTV Premium,Phone Call,Manish,Prepaid,Pending,Urgent,Not Feasible Area,Yes,Booking,2025-03-15,-,Beacon Router,ClearTV 1,Yes,Weak Area
173,Gerald Moreno,9856329355,Kathmandu,Imadol,Western,Internet,80mbps 12months,80mbps 12months,80mbps Mbps,ClearTV Premium,Website,Manish,Postpaid,Rejected,Normal,Not Interested,No,Booking,2025-03-14,-,Beacon Router,Beacon 1,Yes,Weak Area
174,Pamela Jones,9846358550,Chitwan,Imadol,P2 Region,Internet+TV,80mbps 12months,80mbps 12months,80mbps Mbps,ClearTV Basic,Walk-in,Kriti,Postpaid,Pending,Normal,Not Interested,No,Installation,2025-05-12,-,ClearTV Set Top,Dual Band,Yes,Top Area
175,Joseph Berry,9831563854,Lalitpur,Pulchowk,Central,Internet,300mbps 12months,300mbps 12months,300mbps Mbps,ClearTV Premium,Phone Call,Manish,Prepaid,Installed,Normal,Not Feasible Area,Yes,Booking,2025-04-19,2025-04-19,Dual Band Router,Dual Band,Yes,-
176,Brian Sosa,9820608543,Bhaktapur,Newroad,P2 Region,TV Only,300mbps 12months,300mbps 12months,300mbps Mbps,ClearTV Basic,Phone Call,Aayush,Prepaid,Installed,Normal,Expensive,No,Booking,2025-04-11,2025-04-11,Dual Band Router,ClearTV 1,No,Top Area
177,Richard French,9882426754,Bhaktapur,Maitidevi,Inside Valley,Internet+TV,150mbps 6months,150mbps 6months,150mbps Mbps,-,Facebook,Kriti,Prepaid,Pending,Normal,Not Feasible Area,Yes,Installation,2025-03-18,-,Beacon Router,ClearTV 1,No,-
178,Keith Taylor,9847286152,Kathmandu,Maitidevi,Western,Internet+TV,150mbps 6months,150mbps 6months,150mbps Mbps,ClearTV Basic,Walk-in,Kriti,Postpaid,Installed,Low,Not Feasible Area,Yes,Installation,2025-03-01,2025-03-01,Dual Band Router,Dual Band,No,Top Area
179,Jane Garza,9857052122,Kathmandu,Newroad,Inside Valley,Internet+TV,650mbps 3months,650mbps 3months,650mbps Mbps,-,Phone Call,Manish,Postpaid,Pending,Urgent,Expensive,No,Inquiry,2025-03-03,-,Beacon Router,-,Yes,Top Area
180,Elizabeth Chen,9871529916,Chitwan,Newroad,P2 Region,Internet,150mbps 6months,150mbps 6months,150mbps Mbps,ClearTV Premium,Website,Kriti,Prepaid,Pending,Low,-,No,Installation,2025-05-01,-,ClearTV Set Top,Beacon 1,No,Weak Area
181,John Neal,9859907267,Lalitpur,Imadol,Central,Internet,300mbps 12months,300mbps 12months,300mbps Mbps,ClearTV Premium,Facebook,Manish,Prepaid,Installed,Urgent,-,No,Booking,2025-03-20,2025-03-20,-,ClearTV 1,Yes,-
182,Tyler Wallace Jr.,9875839088,Biratnagar,Balkot,Central,Internet,150mbps 6months,650mbps 3months,650mbps Mbps,ClearTV Premium,Walk-in,Aayush,Postpaid,Rejected,Low,Not Interested,No,Booking,2025-04-07,-,-,ClearTV 1,No,Top Area
183,Marc Johnson,9865003890,Chitwan,Newroad,Western,Internet+TV,150mbps 6months,150mbps 6months,150mbps Mbps,-,Facebook,Bishal,Prepaid,Installed,Normal,Expensive,No,Booking,2025-04-04,2025-04-04,Dual Band Router,Beacon 1,Yes,Weak Area
184,Willie Mathis,9847560513,Bhaktapur,Imadol,P2 Region,Internet+TV,300mbps 12months,150mbps 6months,150mbps Mbps,ClearTV Premium,Walk-in,Kriti,Postpaid,Rejected,Normal,Not Interested,No,Installation,2025-02-24,-,Dual Band Router,Dual Band,Yes,Weak Area
185,Angela Avery,9891509745,Bhaktapur,Maitidevi,P2 Region,Internet+TV,80mbps 12months,80mbps 12months,80mbps Mbps,ClearTV Basic,Facebook,Kriti,Postpaid,Installed,Low,-,No,Installation,2025-05-18,2025-05-18,Beacon Router,ClearTV 1,Yes,-
186,Abigail Williams,9857076567,Lalitpur,Maitidevi,Western,Internet,300mbps 12months,300mbps 12months,300mbps Mbps,ClearTV Premium,Walk-in,Bishal,Prepaid,Installed,Normal,Not Interested,No,Booking,2025-04-19,2025-04-19,Dual Band Router,-,Yes,Weak Area
187,Devin Bowman,9845746156,Bhaktapur,Maitidevi,Eastern,Internet+TV,80mbps 12months,80mbps 12months,80mbps Mbps,-,Facebook,Kriti,Postpaid,Pending,Low,Not Feasible Area,Yes,Booking,2025-03-18,-,ClearTV Set Top,Dual Band,No,Weak Area
188,Cristina Walton,9841613602,Butwal,Pulchowk,Western,Internet,650mbps 3months,650mbps 3months,650mbps Mbps,ClearTV Basic,Facebook,Bishal,Prepaid,Pending,Urgent,-,No,Inquiry,2025-03-17,-,ClearTV Set Top,Beacon 1,Yes,Top Area
189,Jeffrey Moran,9826878859,Pokhara,Balkot,Central,Internet+TV,150mbps 6months,150mbps 6months,150mbps Mbps,ClearTV Premium,Walk-in,Kriti,Prepaid,Pending,Normal,Not Feasible Area,Yes,Booking,2025-03-27,-,Beacon Router,Dual Band,No,-
190,Javier Prince,9883183853,Butwal,Baneshwor,P2 Region,TV Only,80mbps 12months,80mbps 12months,80mbps Mbps,-,Phone Call,Manish,Prepaid,Pending,Urgent,Expensive,No,Installation,2025-04-01,-,ClearTV Set Top,Dual Band,No,Top Area
191,Timothy Hernandez,9886532579,Chitwan,Newroad,Inside Valley,TV Only,150mbps 6months,80mbps 12months,80mbps Mbps,-,Walk-in,Rina,Prepaid,Pending,Low,Expensive,No,Inquiry,2025-03-20,-,Dual Band Router,Beacon 1,No,Weak Area
192,Thomas Wallace,9854980972,Pokhara,Maitidevi,Inside Valley,Internet,650mbps 3months,150mbps 6months,150mbps Mbps,ClearTV Premium,Walk-in,Rina,Postpaid,Rejected,Urgent,Expensive,No,Booking,2025-05-05,-,Dual Band Router,-,No,-
193,Mrs. Katherine Blair,9852665635,Chitwan,Boudha,Eastern,Internet+TV,300mbps 12months,300mbps 12months,300mbps Mbps,-,Website,Manish,Prepaid,Installed,Low,Not Feasible Area,Yes,Inquiry,2025-05-06,2025-05-06,ClearTV Set Top,-,No,Top Area
194,Todd Willis,9811919012,Lalitpur,Maitidevi,Inside Valley,Internet,300mbps 12months,300mbps 12months,300mbps Mbps,ClearTV Basic,Facebook,Aayush,Postpaid,Rejected,Normal,-,No,Installation,2025-02-22,-,Dual Band Router,Beacon 1,No,-
195,Amanda Schultz,9895634019,Butwal,Imadol,Eastern,TV Only,80mbps 12months,150mbps 6months,150mbps Mbps,ClearTV Basic,Phone Call,Kriti,Postpaid,Installed,Urgent,Expensive,No,Installation,2025-05-13,2025-05-13,-,ClearTV 1,Yes,Top Area
196,Anthony Little,9840685392,Bhaktapur,Boudha,P2 Region,TV Only,650mbps 3months,650mbps 3months,650mbps Mbps,ClearTV Premium,Website,Kriti,Postpaid,Pending,Low,Expensive,No,Installation,2025-03-06,-,Beacon Router,ClearTV 1,Yes,Weak Area
197,Edward Miller,9844808821,Butwal,Baneshwor,Central,Internet+TV,300mbps 12months,300mbps 12months,300mbps Mbps,ClearTV Basic,Walk-in,Rina,Postpaid,Installed,Low,Not Feasible Area,Yes,Booking,2025-05-13,2025-05-13,ClearTV Set Top,ClearTV 1,No,-
198,Diane Rich,9853978095,Chitwan,Imadol,Inside Valley,Internet,650mbps 3months,150mbps 6months,150mbps Mbps,ClearTV Basic,Facebook,Manish,Postpaid,Rejected,Urgent,Not Interested,No,Booking,2025-03-24,-,Dual Band Router,-,No,-
199,Anthony Terry,9825888553,Kathmandu,Boudha,Western,Internet+TV,650mbps 3months,650mbps 3months,650mbps Mbps,ClearTV Premium,Phone Call,Kriti,Prepaid,Pending,Urgent,Not Interested,No,Booking,2025-04-23,-,ClearTV Set Top,ClearTV 1,No,Top Area
200,Tina Spears,9842100095,Pokhara,Imadol,Central,TV Only,300mbps 12months,300mbps 12months,300mbps Mbps,-,Facebook,Bishal,Postpaid,Rejected,Normal,-,No,Installation,2025-05-19,-,Dual Band Router,Beacon 1,Yes,-
201,Jesse Scott,9898943916,Pokhara,Baneshwor,Eastern,Internet,150mbps 6months,150mbps 6months,150mbps Mbps,ClearTV Premium,Walk-in,Rina,Prepaid,Installed,Low,-,No,Booking,2025-04-05,2025-04-05,Beacon Router,ClearTV 1,No,Weak Area
202,Derek Williams,9832115414,Biratnagar,Imadol,Eastern,Internet+TV,300mbps 12months,300mbps 12months,300mbps Mbps,ClearTV Premium,Website,Manish,Postpaid,Pending,Normal,Not Feasible Area,Yes,Installation,2025-03-05,-,Dual Band Router,ClearTV 1,No,Weak Area
203,Dylan Smith,9858522610,Lalitpur,Newroad,P2 Region,Internet,650mbps 3months,300mbps 12months,300mbps Mbps,ClearTV Premium,Walk-in,Rina,Prepaid,Pending,Normal,Not Feasible Area,Yes,Installation,2025-02-24,-,ClearTV Set Top,ClearTV 1,Yes,Top Area
204,Melanie Arellano,9820970183,Lalitpur,Pulchowk,P2 Region,Internet+TV,650mbps 3months,650mbps 3months,650mbps Mbps,ClearTV Premium,Facebook,Aayush,Prepaid,Pending,Urgent,Expensive,No,Installation,2025-03-28,-,Beacon Router,Beacon 1,Yes,-
205,Connie Lee,9846018565,Biratnagar,Balkot,Inside Valley,Internet,80mbps 12months,80mbps 12months,80mbps Mbps,ClearTV Basic,Walk-in,Aayush,Prepaid,Pending,Low,Not Interested,No,Installation,2025-04-18,-,ClearTV Set Top,ClearTV 1,No,-
206,Stephen Norton,9829524815,Lalitpur,Imadol,Inside Valley,Internet,150mbps 6months,150mbps 6months,150mbps Mbps,-,Website,Rina,Postpaid,Pending,Normal,Expensive,No,Inquiry,2025-03-21,-,ClearTV Set Top,-,No,Weak Area
207,Stephanie Scott,9893151099,Chitwan,Pulchowk,Inside Valley,Internet,80mbps 12months,80mbps 12months,80mbps Mbps,-,Website,Manish,Prepaid,Rejected,Urgent,Not Feasible Area,Yes,Inquiry,2025-04-09,-,Beacon Router,ClearTV 1,No,Weak Area
208,Jacob Clark,9886956869,Butwal,Boudha,Eastern,Internet,300mbps 12months,300mbps 12months,300mbps Mbps,ClearTV Premium,Phone Call,Bishal,Prepaid,Pending,Normal,Expensive,No,Booking,2025-04-09,-,Beacon Router,Dual Band,No,-
209,Ryan King,9849971783,Butwal,Pulchowk,Western,Internet,300mbps 12months,300mbps 12months,300mbps Mbps,ClearTV Premium,Facebook,Bishal,Prepaid,Rejected,Low,Not Feasible Area,Yes,Inquiry,2025-04-29,-,ClearTV Set Top,Dual Band,No,Weak Area
210,Emily Heath,9820509468,Butwal,Newroad,P2 Region,TV Only,300mbps 12months,300mbps 12months,300mbps Mbps,-,Facebook,Kriti,Postpaid,Installed,Low,-,No,Inquiry,2025-03-14,2025-03-14,Beacon Router,-,Yes,Weak Area
211,Dr. David Torres,9846053747,Butwal,Newroad,Inside Valley,Internet+TV,650mbps 3months,650mbps 3months,650mbps Mbps,ClearTV Basic,Walk-in,Rina,Prepaid,Rejected,Low,-,No,Booking,2025-04-12,-,-,-,Yes,Weak Area
212,Joel Hardy,9884391525,Butwal,Maitidevi,Inside Valley,Internet+TV,650mbps 3months,650mbps 3months,650mbps Mbps,-,Phone Call,Bishal,Postpaid,Rejected,Low,Not Interested,No,Installation,2025-02-22,-,Dual Band Router,ClearTV 1,Yes,-
213,Jennifer Snyder,9842126303,Bhaktapur,Pulchowk,Inside Valley,Internet,80mbps 12months,80mbps 12months,80mbps Mbps,ClearTV Premium,Phone Call,Bishal,Prepaid,Installed,Normal,Expensive,No,Installation,2025-04-01,2025-04-01,ClearTV Set Top,Dual Band,No,Weak Area
214,Brad Garcia,9873904055,Lalitpur,Pulchowk,Eastern,TV Only,650mbps 3months,650mbps 3months,650mbps Mbps,-,Website,Rina,Prepaid,Pending,Normal,Not Feasible Area,Yes,Installation,2025-05-03,-,ClearTV Set Top,ClearTV 1,No,Top Area
215,Stephen Lewis,9829571973,Lalitpur,Maitidevi,P2 Region,Internet+TV,80mbps 12months,80mbps 12months,80mbps Mbps,ClearTV Premium,Phone Call,Manish,Postpaid,Pending,Normal,Expensive,No,Installation,2025-04-18,-,Dual Band Router,Dual Band,Yes,Top Area
216,Jeffery Fischer,9871549173,Chitwan,Imadol,Eastern,TV Only,650mbps 3months,650mbps 3months,650mbps Mbps,ClearTV Premium,Website,Rina,Prepaid,Installed,Low,Not Interested,No,Inquiry,2025-05-09,2025-05-09,ClearTV Set Top,Beacon 1,Yes,Weak Area
217,Tyler Wright,9833316567,Biratnagar,Balkot,Eastern,Internet,80mbps 12months,80mbps 12months,80mbps Mbps,-,Facebook,Aayush,Prepaid,Installed,Normal,Not Feasible Area,Yes,Inquiry,2025-03-11,2025-03-11,ClearTV Set Top,Beacon 1,No,-
218,Seth Michael,9899270882,Pokhara,Pulchowk,P2 Region,Internet+TV,650mbps 3months,150mbps 6months,150mbps Mbps,ClearTV Basic,Phone Call,Manish,Postpaid,Rejected,Normal,Not Feasible Area,Yes,Inquiry,2025-03-21,-,ClearTV Set Top,Dual Band,No,-
219,Ashley Lam DDS,9880121295,Chitwan,Pulchowk,Inside Valley,Internet,150mbps 6months,150mbps 6months,150mbps Mbps,ClearTV Basic,Facebook,Kriti,Prepaid,Pending,Low,Expensive,No,Booking,2025-05-05,-,-,Dual Band,Yes,Top Area
220,Edward Ramos,9894333513,Kathmandu,Balkot,Western,Internet+TV,150mbps 6months,150mbps 6months,150mbps Mbps,ClearTV Premium,Website,Bishal,Postpaid,Pending,Urgent,Not Interested,No,Installation,2025-04-17,-,ClearTV Set Top,ClearTV 1,Yes,-
221,Mark Nelson,9877729514,Bhaktapur,Imadol,Central,Internet,80mbps 12months,80mbps 12months,80mbps Mbps,ClearTV Premium,Website,Rina,Postpaid,Installed,Normal,Expensive,No,Booking,2025-02-19,2025-02-19,Beacon Router,Dual Band,Yes,Weak Area
222,Richard Garcia,9892617300,Lalitpur,Baneshwor,Western,Internet,150mbps 6months,150mbps 6months,150mbps Mbps,ClearTV Premium,Website,Bishal,Postpaid,Pending,Low,Not Interested,No,Inquiry,2025-04-30,-,-,Dual Band,Yes,Top Area
223,Daniel Hobbs,9885771345,Bhaktapur,Newroad,P2 Region,Internet,80mbps 12months,150mbps 6months,150mbps Mbps,ClearTV Premium,Facebook,Kriti,Postpaid,Installed,Urgent,Not Feasible Area,Yes,Booking,2025-04-23,2025-04-23,-,Dual Band,No,Weak Area
224,Joseph Patterson,9896371391,Bhaktapur,Baneshwor,Eastern,Internet+TV,150mbps 6months,150mbps 6months,150mbps Mbps,-,Facebook,Bishal,Postpaid,Installed,Urgent,Not Feasible Area,Yes,Installation,2025-02-22,2025-02-22,Dual Band Router,-,Yes,Top Area
225,Matthew Wilson,9818552495,Bhaktapur,Newroad,Western,Internet,650mbps 3months,650mbps 3months,650mbps Mbps,ClearTV Premium,Walk-in,Aayush,Postpaid,Rejected,Normal,Expensive,No,Inquiry,2025-04-30,-,Dual Band Router,ClearTV 1,No,Top Area
226,Crystal Moran,9819934972,Kathmandu,Imadol,Western,TV Only,80mbps 12months,80mbps 12months,80mbps Mbps,ClearTV Basic,Walk-in,Aayush,Postpaid,Pending,Low,Expensive,No,Booking,2025-04-12,-,Beacon Router,ClearTV 1,Yes,-
227,Connie Decker,9852208072,Biratnagar,Imadol,Inside Valley,TV Only,650mbps 3months,650mbps 3months,650mbps Mbps,ClearTV Basic,Website,Bishal,Prepaid,Pending,Low,Expensive,No,Installation,2025-03-13,-,Dual Band Router,-,No,Top Area
228,Eric Murphy,9824567668,Lalitpur,Boudha,P2 Region,Internet+TV,80mbps 12months,300mbps 12months,300mbps Mbps,ClearTV Basic,Phone Call,Kriti,Postpaid,Pending,Low,-,No,Booking,2025-03-26,-,Dual Band Router,-,No,Top Area
229,Donna Jackson,9897240749,Bhaktapur,Newroad,Inside Valley,Internet+TV,150mbps 6months,150mbps 6months,150mbps Mbps,-,Facebook,Manish,Postpaid,Installed,Low,Not Feasible Area,Yes,Installation,2025-05-07,2025-05-07,-,Beacon 1,No,Weak Area
230,Jonathan Richardson,9877606186,Butwal,Maitidevi,P2 Region,TV Only,150mbps 6months,80mbps 12months,80mbps Mbps,ClearTV Basic,Walk-in,Manish,Prepaid,Pending,Low,Not Interested,No,Inquiry,2025-04-20,-,Beacon Router,-,No,Top Area
231,Carlos Foster,9814832256,Pokhara,Balkot,Inside Valley,TV Only,150mbps 6months,150mbps 6months,150mbps Mbps,-,Website,Rina,Postpaid,Pending,Urgent,-,No,Booking,2025-03-07,-,ClearTV Set Top,-,No,Top Area
232,Angela Hubbard,9848250402,Kathmandu,Newroad,Central,Internet+TV,80mbps 12months,80mbps 12months,80mbps Mbps,ClearTV Basic,Walk-in,Manish,Prepaid,Pending,Normal,-,No,Booking,2025-05-04,-,-,Dual Band,Yes,Top Area
233,Kathleen Saunders,9858024906,Butwal,Imadol,Central,TV Only,650mbps 3months,650mbps 3months,650mbps Mbps,ClearTV Premium,Facebook,Bishal,Postpaid,Installed,Urgent,Expensive,No,Booking,2025-03-10,2025-03-10,Dual Band Router,ClearTV 1,No,-
234,Carlos Hall,9889079616,Biratnagar,Newroad,P2 Region,Internet+TV,650mbps 3months,650mbps 3months,650mbps Mbps,-,Phone Call,Kriti,Prepaid,Rejected,Normal,Not Feasible Area,Yes,Booking,2025-03-27,-,Dual Band Router,-,No,-
235,Kevin Fuller,9887559461,Bhaktapur,Balkot,Central,TV Only,150mbps 6months,150mbps 6months,150mbps Mbps,-,Website,Aayush,Postpaid,Rejected,Urgent,Expensive,No,Inquiry,2025-05-16,-,Beacon Router,ClearTV 1,Yes,Top Area
236,Lisa Johnson,9873158292,Bhaktapur,Balkot,Western,Internet,150mbps 6months,150mbps 6months,150mbps Mbps,ClearTV Premium,Website,Kriti,Prepaid,Pending,Low,-,No,Booking,2025-04-16,-,ClearTV Set Top,Beacon 1,Yes,-
237,Jesus Smith,9894607002,Pokhara,Pulchowk,Western,Internet+TV,300mbps 12months,150mbps 6months,150mbps Mbps,ClearTV Premium,Phone Call,Manish,Prepaid,Installed,Normal,-,No,Installation,2025-03-11,2025-03-11,Dual Band Router,Beacon 1,Yes,-
238,Carla Koch,9882584456,Chitwan,Imadol,Central,Internet+TV,650mbps 3months,650mbps 3months,650mbps Mbps,ClearTV Premium,Walk-in,Manish,Postpaid,Rejected,Normal,Not Interested,No,Inquiry,2025-05-07,-,Beacon Router,Beacon 1,Yes,-
239,Karen Edwards,9854970090,Butwal,Boudha,Eastern,TV Only,80mbps 12months,80mbps 12months,80mbps Mbps,ClearTV Premium,Facebook,Kriti,Prepaid,Pending,Urgent,Not Interested,No,Inquiry,2025-05-11,-,ClearTV Set Top,Beacon 1,No,Weak Area
240,Chad Morales,9857008089,Butwal,Pulchowk,Eastern,TV Only,650mbps 3months,650mbps 3months,650mbps Mbps,ClearTV Premium,Walk-in,Kriti,Postpaid,Rejected,Low,-,No,Installation,2025-03-08,-,ClearTV Set Top,Dual Band,Yes,Top Area
241,Rachel Cruz,9842623284,Kathmandu,Baneshwor,Western,Internet,80mbps 12months,80mbps 12months,80mbps Mbps,ClearTV Premium,Walk-in,Rina,Postpaid,Pending,Normal,Not Interested,No,Inquiry,2025-02-23,-,Dual Band Router,Beacon 1,No,-
242,Ethan Burgess,9863510039,Lalitpur,Newroad,Western,Internet,80mbps 12months,80mbps 12months,80mbps Mbps,-,Walk-in,Kriti,Prepaid,Installed,Urgent,Not Feasible Area,Yes,Installation,2025-03-14,2025-03-14,-,Dual Band,No,Top Area
243,Jeremy Swanson,9824272322,Pokhara,Pulchowk,Central,Internet+TV,80mbps 12months,650mbps 3months,650mbps Mbps,-,Phone Call,Manish,Postpaid,Installed,Low,Not Interested,No,Booking,2025-04-22,2025-04-22,-,Dual Band,No,-
244,Gregory Martin,9893518363,Bhaktapur,Newroad,Inside Valley,Internet+TV,150mbps 6months,300mbps 12months,300mbps Mbps,ClearTV Basic,Facebook,Bishal,Postpaid,Installed,Normal,Not Feasible Area,Yes,Booking,2025-02-19,2025-02-19,Beacon Router,ClearTV 1,No,-
245,Joshua Oconnor,9828805296,Butwal,Imadol,Inside Valley,TV Only,650mbps 3months,650mbps 3months,650mbps Mbps,ClearTV Basic,Walk-in,Bishal,Prepaid,Installed,Low,Expensive,No,Inquiry,2025-03-04,2025-03-04,ClearTV Set Top,Beacon 1,Yes,Weak Area
246,John Brown,9856840315,Butwal,Maitidevi,Inside Valley,Internet,80mbps 12months,80mbps 12months,80mbps Mbps,ClearTV Basic,Website,Rina,Postpaid,Pending,Urgent,-,No,Installation,2025-03-13,-,Dual Band Router,Dual Band,Yes,Top Area
247,Darius Valdez,9862475896,Pokhara,Newroad,Western,TV Only,150mbps 6months,150mbps 6months,150mbps Mbps,ClearTV Basic,Walk-in,Kriti,Postpaid,Rejected,Urgent,Expensive,No,Inquiry,2025-02-24,-,-,-,No,Top Area
248,Haley Beck,9847172431,Kathmandu,Maitidevi,Western,Internet,650mbps 3months,650mbps 3months,650mbps Mbps,ClearTV Premium,Walk-in,Bishal,Postpaid,Pending,Normal,-,No,Installation,2025-03-03,-,-,-,Yes,-
249,Cindy Graham,9835848134,Butwal,Pulchowk,Inside Valley,TV Only,650mbps 3months,150mbps 6months,150mbps Mbps,ClearTV Basic,Facebook,Bishal,Prepaid,Rejected,Low,Not Interested,No,Installation,2025-03-24,-,Beacon Router,Dual Band,No,Top Area
250,Matthew Chandler,9899277477,Butwal,Balkot,Western,TV Only,650mbps 3months,650mbps 3months,650mbps Mbps,ClearTV Basic,Walk-in,Manish,Prepaid,Installed,Urgent,-,No,Inquiry,2025-05-05,2025-05-05,Beacon Router,ClearTV 1,Yes,-
251,Janet Ortiz,9883984289,Butwal,Balkot,Western,Internet+TV,650mbps 3months,650mbps 3months,650mbps Mbps,-,Facebook,Rina,Prepaid,Installed,Low,-,No,Booking,2025-03-15,2025-03-15,Dual Band Router,Beacon 1,Yes,Top Area
252,Regina Hooper,9886428245,Biratnagar,Newroad,Inside Valley,Internet,300mbps 12months,150mbps 6months,150mbps Mbps,ClearTV Basic,Website,Rina,Postpaid,Installed,Low,-,No,Installation,2025-04-27,2025-04-27,ClearTV Set Top,Beacon 1,Yes,Weak Area
253,Andrew Dorsey,9881013951,Butwal,Maitidevi,Inside Valley,Internet+TV,150mbps 6months,150mbps 6months,150mbps Mbps,ClearTV Premium,Walk-in,Aayush,Prepaid,Installed,Normal,Not Interested,No,Inquiry,2025-03-29,2025-03-29,-,Dual Band,Yes,Top Area
254,Carolyn Mason,9813605933,Butwal,Baneshwor,Central,TV Only,300mbps 12months,300mbps 12months,300mbps Mbps,ClearTV Basic,Walk-in,Aayush,Prepaid,Pending,Urgent,Not Interested,No,Installation,2025-04-19,-,-,Beacon 1,No,-
255,Kayla Oconnor,9817050302,Chitwan,Imadol,Eastern,TV Only,300mbps 12months,300mbps 12months,300mbps Mbps,ClearTV Premium,Website,Manish,Prepaid,Rejected,Low,Expensive,No,Booking,2025-03-04,-,Dual Band Router,Dual Band,No,Weak Area
256,David Clayton,9878686301,Bhaktapur,Maitidevi,Inside Valley,Internet+TV,300mbps 12months,300mbps 12months,300mbps Mbps,ClearTV Basic,Website,Rina,Prepaid,Rejected,Urgent,-,No,Installation,2025-03-07,-,Dual Band Router,-,No,-
257,Alex Drake,9841343641,Chitwan,Newroad,Eastern,TV Only,300mbps 12months,300mbps 12months,300mbps Mbps,ClearTV Basic,Walk-in,Kriti,Prepaid,Rejected,Urgent,Not Interested,No,Inquiry,2025-03-06,-,-,Beacon 1,Yes,-
258,Sara Hoffman,9826515737,Pokhara,Pulchowk,Inside Valley,Internet+TV,300mbps 12months,300mbps 12months,300mbps Mbps,ClearTV Premium,Phone Call,Aayush,Prepaid,Installed,Normal,Not Feasible Area,Yes,Inquiry,2025-04-28,2025-04-28,-,-,Yes,-
259,Timothy Harper,9883843090,Lalitpur,Boudha,P2 Region,TV Only,650mbps 3months,650mbps 3months,650mbps Mbps,-,Phone Call,Rina,Postpaid,Installed,Low,Not Feasible Area,Yes,Booking,2025-04-19,2025-04-19,Beacon Router,ClearTV 1,No,Top Area
260,Michelle Mendez,9831450037,Chitwan,Newroad,Western,Internet,80mbps 12months,80mbps 12months,80mbps Mbps,ClearTV Basic,Phone Call,Manish,Postpaid,Rejected,Normal,-,No,Inquiry,2025-02-21,-,-,Dual Band,No,Weak Area
261,Robert Oconnor,9876791734,Chitwan,Newroad,Central,Internet+TV,300mbps 12months,80mbps 12months,80mbps Mbps,-,Facebook,Aayush,Prepaid,Pending,Normal,Not Feasible Area,Yes,Installation,2025-02-20,-,-,Dual Band,Yes,-
262,Stacy Crawford,9832390599,Bhaktapur,Newroad,Western,TV Only,150mbps 6months,150mbps 6months,150mbps Mbps,ClearTV Basic,Website,Rina,Prepaid,Installed,Low,Expensive,No,Booking,2025-03-24,2025-03-24,Beacon Router,-,Yes,-
263,Chris Young,9865797606,Butwal,Boudha,Central,Internet,300mbps 12months,300mbps 12months,300mbps Mbps,ClearTV Basic,Walk-in,Aayush,Prepaid,Installed,Normal,-,No,Installation,2025-03-24,2025-03-24,Beacon Router,ClearTV 1,No,Weak Area
264,Paul Morgan,9816767219,Kathmandu,Maitidevi,Eastern,Internet+TV,150mbps 6months,150mbps 6months,150mbps Mbps,-,Website,Rina,Prepaid,Rejected,Low,Expensive,No,Booking,2025-05-06,-,ClearTV Set Top,Beacon 1,Yes,-
265,James Collins DVM,9829559564,Butwal,Boudha,Central,Internet+TV,300mbps 12months,300mbps 12months,300mbps Mbps,-,Facebook,Rina,Postpaid,Installed,Urgent,Expensive,No,Inquiry,2025-04-12,2025-04-12,Beacon Router,ClearTV 1,Yes,Weak Area
266,Andrew Schmidt,9840404679,Kathmandu,Pulchowk,Eastern,TV Only,150mbps 6months,80mbps 12months,80mbps Mbps,ClearTV Basic,Facebook,Kriti,Prepaid,Pending,Low,Expensive,No,Inquiry,2025-04-12,-,ClearTV Set Top,-,No,Weak Area
267,Michael Bryant,9890824407,Chitwan,Baneshwor,Central,TV Only,300mbps 12months,300mbps 12months,300mbps Mbps,ClearTV Basic,Facebook,Manish,Postpaid,Rejected,Low,-,No,Inquiry,2025-04-29,-,Beacon Router,ClearTV 1,No,Top Area
268,Gregory Williams,9885435885,Butwal,Imadol,Central,Internet+TV,150mbps 6months,150mbps 6months,150mbps Mbps,ClearTV Basic,Facebook,Rina,Prepaid,Pending,Normal,-,No,Booking,2025-03-16,-,Dual Band Router,-,Yes,Weak Area
269,Amanda Becker,9826611602,Kathmandu,Pulchowk,Western,Internet+TV,650mbps 3months,80mbps 12months,80mbps Mbps,ClearTV Premium,Phone Call,Rina,Postpaid,Installed,Low,Expensive,No,Booking,2025-04-15,2025-04-15,ClearTV Set Top,Dual Band,No,-
270,Tanya Cooley,9853572620,Biratnagar,Boudha,Western,Internet+TV,150mbps 6months,150mbps 6months,150mbps Mbps,ClearTV Premium,Walk-in,Kriti,Prepaid,Rejected,Urgent,-,No,Inquiry,2025-05-02,-,ClearTV Set Top,ClearTV 1,Yes,Top Area
271,Joseph Peterson,9888527248,Bhaktapur,Imadol,Inside Valley,TV Only,80mbps 12months,80mbps 12months,80mbps Mbps,ClearTV Premium,Phone Call,Rina,Postpaid,Installed,Urgent,Not Interested,No,Installation,2025-05-10,2025-05-10,ClearTV Set Top,Beacon 1,No,Weak Area
272,Christine Knight,9888700886,Kathmandu,Newroad,Inside Valley,Internet+TV,80mbps 12months,80mbps 12months,80mbps Mbps,-,Walk-in,Rina,Postpaid,Pending,Low,-,No,Booking,2025-03-21,-,-,-,No,Top Area
273,Terri Sanchez,9832799974,Bhaktapur,Pulchowk,Eastern,Internet,300mbps 12months,150mbps 6months,150mbps Mbps,ClearTV Basic,Facebook,Kriti,Prepaid,Rejected,Urgent,-,No,Installation,2025-04-24,-,-,Beacon 1,Yes,-
274,Melanie Gomez,9884522678,Kathmandu,Imadol,Eastern,Internet+TV,300mbps 12months,300mbps 12months,300mbps Mbps,ClearTV Basic,Facebook,Aayush,Postpaid,Installed,Urgent,Not Feasible Area,Yes,Inquiry,2025-05-17,2025-05-17,ClearTV Set Top,-,Yes,Weak Area
275,Brittany Mathis,9811909006,Lalitpur,Balkot,P2 Region,Internet,80mbps 12months,80mbps 12months,80mbps Mbps,ClearTV Premium,Phone Call,Rina,Prepaid,Rejected,Low,-,No,Inquiry,2025-05-08,-,ClearTV Set Top,ClearTV 1,No,Weak Area
276,Robert Cunningham,9822583597,Lalitpur,Balkot,Western,Internet,80mbps 12months,80mbps 12months,80mbps Mbps,ClearTV Premium,Facebook,Rina,Prepaid,Pending,Normal,Not Feasible Area,Yes,Installation,2025-03-23,-,Dual Band Router,Dual Band,Yes,Weak Area
277,Mario Morris,9897241813,Lalitpur,Baneshwor,Central,Internet+TV,150mbps 6months,150mbps 6months,150mbps Mbps,-,Walk-in,Kriti,Prepaid,Pending,Low,Not Feasible Area,Yes,Inquiry,2025-05-05,-,-,Dual Band,Yes,Top Area
278,Jeffrey Jackson,9855290173,Biratnagar,Maitidevi,Central,Internet,300mbps 12months,300mbps 12months,300mbps Mbps,ClearTV Premium,Walk-in,Bishal,Prepaid,Installed,Normal,Not Feasible Area,Yes,Inquiry,2025-05-05,2025-05-05,Beacon Router,-,No,-
279,Andrew Martinez,9869202771,Chitwan,Boudha,P2 Region,TV Only,300mbps 12months,80mbps 12months,80mbps Mbps,-,Walk-in,Rina,Prepaid,Installed,Normal,-,No,Inquiry,2025-05-19,2025-05-19,-,ClearTV 1,Yes,Weak Area
280,Nathan Browning,9844153415,Butwal,Imadol,Inside Valley,Internet,300mbps 12months,300mbps 12months,300mbps Mbps,ClearTV Premium,Walk-in,Kriti,Postpaid,Installed,Urgent,Not Interested,No,Inquiry,2025-04-23,2025-04-23,-,Dual Band,No,Weak Area
281,Paula Burgess,9820660857,Chitwan,Baneshwor,Eastern,Internet,150mbps 6months,150mbps 6months,150mbps Mbps,ClearTV Basic,Facebook,Kriti,Postpaid,Installed,Normal,Not Feasible Area,Yes,Booking,2025-03-08,2025-03-08,ClearTV Set Top,ClearTV 1,No,Top Area
282,Timothy Ramirez,9877346594,Chitwan,Imadol,Western,Internet+TV,300mbps 12months,300mbps 12months,300mbps Mbps,ClearTV Basic,Website,Bishal,Prepaid,Pending,Urgent,-,No,Inquiry,2025-05-09,-,Dual Band Router,ClearTV 1,No,Weak Area
283,Christopher Hopkins,9851889003,Kathmandu,Pulchowk,Central,Internet,650mbps 3months,650mbps 3months,650mbps Mbps,ClearTV Basic,Walk-in,Rina,Postpaid,Pending,Urgent,-,No,Inquiry,2025-03-05,-,Dual Band Router,Dual Band,Yes,Top Area
284,Teresa Chen,9895410243,Kathmandu,Pulchowk,Western,Internet,650mbps 3months,650mbps 3months,650mbps Mbps,ClearTV Premium,Website,Kriti,Prepaid,Rejected,Urgent,-,No,Installation,2025-04-11,-,Beacon Router,ClearTV 1,Yes,-
285,Nicole Baker,9822405165,Lalitpur,Imadol,Eastern,Internet+TV,80mbps 12months,150mbps 6months,150mbps Mbps,ClearTV Premium,Walk-in,Rina,Prepaid,Rejected,Urgent,Expensive,No,Booking,2025-03-17,-,ClearTV Set Top,ClearTV 1,Yes,Weak Area
286,Richard Weiss,9847635004,Butwal,Imadol,Western,Internet+TV,150mbps 6months,150mbps 6months,150mbps Mbps,-,Phone Call,Manish,Postpaid,Installed,Urgent,-,No,Installation,2025-03-17,2025-03-17,ClearTV Set Top,Dual Band,Yes,-
287,Kimberly Spencer,9853773770,Bhaktapur,Maitidevi,P2 Region,Internet+TV,150mbps 6months,150mbps 6months,150mbps Mbps,ClearTV Premium,Facebook,Rina,Postpaid,Rejected,Urgent,Not Interested,No,Inquiry,2025-03-23,-,Beacon Router,ClearTV 1,Yes,Top Area
288,Richard Moody,9891938653,Kathmandu,Imadol,Central,TV Only,650mbps 3months,650mbps 3months,650mbps Mbps,ClearTV Premium,Walk-in,Bishal,Prepaid,Installed,Urgent,Not Feasible Area,Yes,Installation,2025-05-11,2025-05-11,Dual Band Router,ClearTV 1,Yes,Weak Area
289,Jorge Mueller,9850760501,Lalitpur,Pulchowk,Eastern,Internet+TV,300mbps 12months,300mbps 12months,300mbps Mbps,ClearTV Basic,Facebook,Bishal,Postpaid,Installed,Low,-,No,Booking,2025-04-27,2025-04-27,-,Dual Band,No,Weak Area
290,Kristine Ward,9817000372,Kathmandu,Imadol,Inside Valley,TV Only,650mbps 3months,650mbps 3months,650mbps Mbps,ClearTV Basic,Facebook,Manish,Prepaid,Pending,Normal,Not Interested,No,Installation,2025-02-21,-,Dual Band Router,Beacon 1,No,Weak Area
291,Jennifer Mendez,9881310717,Biratnagar,Balkot,Eastern,Internet+TV,150mbps 6months,150mbps 6months,150mbps Mbps,-,Facebook,Rina,Prepaid,Pending,Normal,Not Feasible Area,Yes,Booking,2025-05-07,-,Beacon Router,-,No,-
292,Stephanie Cox,9825488713,Bhaktapur,Boudha,Central,Internet+TV,80mbps 12months,150mbps 6months,150mbps Mbps,ClearTV Basic,Phone Call,Kriti,Postpaid,Pending,Low,-,No,Installation,2025-05-20,-,Dual Band Router,Dual Band,No,Top Area
293,Cory Gomez,9874703709,Biratnagar,Imadol,Eastern,TV Only,300mbps 12months,300mbps 12months,300mbps Mbps,ClearTV Premium,Facebook,Aayush,Postpaid,Pending,Normal,-,No,Installation,2025-04-26,-,Beacon Router,ClearTV 1,Yes,Weak Area
294,Nicholas Wright PhD,9867959978,Chitwan,Baneshwor,Inside Valley,Internet,150mbps 6months,150mbps 6months,150mbps Mbps,ClearTV Premium,Walk-in,Kriti,Postpaid,Rejected,Low,Not Feasible Area,Yes,Booking,2025-03-16,-,-,ClearTV 1,No,-
295,Peter Fisher,9875596337,Pokhara,Pulchowk,Central,Internet,80mbps 12months,80mbps 12months,80mbps Mbps,ClearTV Basic,Phone Call,Bishal,Prepaid,Rejected,Low,Not Feasible Area,Yes,Installation,2025-04-14,-,-,ClearTV 1,Yes,-
296,Patrick Cole,9883664702,Chitwan,Balkot,Western,TV Only,80mbps 12months,80mbps 12months,80mbps Mbps,ClearTV Premium,Phone Call,Manish,Prepaid,Rejected,Urgent,Not Feasible Area,Yes,Inquiry,2025-04-08,-,Beacon Router,Dual Band,No,Top Area
297,Rita Garcia,9892789394,Lalitpur,Balkot,Western,Internet+TV,300mbps 12months,300mbps 12months,300mbps Mbps,-,Phone Call,Rina,Postpaid,Rejected,Urgent,-,No,Inquiry,2025-03-08,-,Beacon Router,Dual Band,No,Weak Area
298,Thomas Reilly,9863212075,Pokhara,Boudha,Eastern,Internet+TV,300mbps 12months,300mbps 12months,300mbps Mbps,-,Walk-in,Kriti,Prepaid,Pending,Urgent,Not Interested,No,Booking,2025-04-20,-,Dual Band Router,-,Yes,-
299,Dillon Kim,9846126891,Butwal,Imadol,Western,Internet+TV,150mbps 6months,150mbps 6months,150mbps Mbps,-,Walk-in,Kriti,Postpaid,Pending,Low,-,No,Installation,2025-05-02,-,ClearTV Set Top,Dual Band,No,-
300,Lisa Davis,9834694689,Kathmandu,Boudha,Central,Internet+TV,300mbps 12months,300mbps 12months,300mbps Mbps,ClearTV Premium,Walk-in,Bishal,Postpaid,Rejected,Normal,-,No,Inquiry,2025-02-20,-,ClearTV Set Top,Dual Band,Yes,Top Area